{
    "foundation_mult_q": 7.628382,
    "foundation_mult_c": 5.449993,
    "sniper_boost": 1.644776,
    "mtf_bonus_q": 189.886567,
    "mtf_penalty_q": 156.191141,
    "wick_penalty": 164.30136,
    "wick_ratio_major": 7.781272,
    "wick_ratio_meme": 3.507864,
    "bb_breakout_bonus": 217.887616,
    "sma_align_bonus": 150.187838,
    "rsi_oversold_bonus": 155.323216,
    "sma_gap_bonus": 14.34544,
    "cvd_bonus": 200.0,
    "osc_conv_bonus_alt": 129.274019,
    "osc_conv_bonus_maj": 128.77596,
    "sma_above_bonus": 101.883988,
    "squeeze_bonus_alt": 121.494084,
    "squeeze_bonus_maj": 13.065781,
    "st_psar_bonus": 66.092851,
    "mid_sma_penalty": 150.933733,
    "rsi_slope_penalty": 4.444482,
    "divergence_penalty": 127.084996,
    "fgi_bonus_dampen": 2.964578,
    "vas_mult_major": 2.913067,
    "vas_mult_mid": 0.107002,
    "alt_accel_mult": 5.202957,
    "rsi_overbought_mult": 2.752135,
    "macd_negative_mult": 3.111653,
    "major_weak_mult": 1.533628,
    "meme_bad_mult": 4.859311,
    "w_zscore": 1.389247,
    "w_macd": 1.678143,
    "w_rsi": 11.571993,
    "w_volume": 2.054238,
    "w_st": 15.0,
    "w_bb": 5.807732,
    "w_vwap": 12.447211,
    "w_ssl": 0.0,
    "w_sma": 11.938475,
    "w_ichimoku": 3.939807,
    "w_obv": 6.470259,
    "w_stoch": 3.996193,
    "w_bb_break": 0.715507,
    "pass_score_threshold": 81.240787,
    "rsi_high_thr": 61.577708,
    "rsi_low_thr": 49.811257,
    "sniper_confluence_bonus": 111.960015,
    "tp_atr_mult": 20.0,
    "sl_atr_mult": 14.43719,
    "step_up_l1_atr": 3.80778,
    "step_up_l2_atr": 14.423671,
    "vol_adj_mult_high": 3.752293,
    "vol_adj_mult_low": 0.288564,
    "vol_multiple_small": 2.774089,
    "vol_multiple_mid": 2.069098,
    "vol_multiple_major": 2.964293,
    "cvd_penalty_q": 45.37364,
    "cvd_penalty_c": 146.009499,
    "cvd_slope_penalty_c": 106.653738,
    "vol_ratio_penalty_c": 99.636247,
    "vol_idx_limit": 0.686943,
    "bb_bw_limit": 1.124179,
    "btc_drop_pct": 0.049727
}