{
    "foundation_mult_q": 7.880908,
    "foundation_mult_c": 6.776257,
    "sniper_boost": 0.824964,
    "mtf_bonus_q": 143.841702,
    "mtf_penalty_q": 119.072965,
    "wick_penalty": 94.705045,
    "wick_ratio_major": 4.613498,
    "wick_ratio_meme": 5.000179,
    "bb_breakout_bonus": 81.201525,
    "sma_align_bonus": 30.806829,
    "rsi_oversold_bonus": 239.884066,
    "sma_gap_bonus": 210.029673,
    "cvd_bonus": 162.467161,
    "osc_conv_bonus_alt": 31.710558,
    "osc_conv_bonus_maj": 75.182579,
    "sma_above_bonus": 104.487205,
    "squeeze_bonus_alt": 79.360634,
    "squeeze_bonus_maj": 33.65349,
    "st_psar_bonus": 197.031458,
    "mid_sma_penalty": 99.253422,
    "rsi_slope_penalty": 25.616838,
    "divergence_penalty": 146.247777,
    "fgi_bonus_dampen": 0.105043,
    "vas_mult_major": 1.721887,
    "vas_mult_mid": 6.759473,
    "alt_accel_mult": 1.781632,
    "rsi_overbought_mult": 3.540923,
    "macd_negative_mult": 4.223524,
    "major_weak_mult": 2.662714,
    "meme_bad_mult": 3.091737,
    "w_zscore": 4.506082,
    "w_macd": 5.309702,
    "w_rsi": 5.049886,
    "w_volume": 7.721861,
    "w_st": 6.597596,
    "w_bb": 11.922646,
    "w_vwap": 6.280702,
    "w_ssl": 7.328942,
    "w_sma": 6.478117,
    "w_ichimoku": 8.267358,
    "w_obv": 6.146547,
    "w_stoch": 0.110748,
    "w_bb_break": 1.915047,
    "vol_multiple_small": 1.082627,
    "vol_multiple_mid": 1.691761,
    "vol_multiple_major": 2.304677,
    "cvd_penalty_q": 123.136253,
    "cvd_penalty_c": 76.844728,
    "cvd_slope_penalty_c": 0.982872,
    "vol_ratio_penalty_c": 79.79112,
    "pass_score_threshold": 86.625206,
    "sniper_confluence_bonus": 197.662787,
    "tp_atr_mult": 5.688376,
    "sl_atr_mult": 1.399628,
    "step_up_l1_atr": 2.025374,
    "step_up_l2_atr": 14.198358,
    "vol_adj_mult_high": 3.289721,
    "vol_adj_mult_low": 0.357443,
    "rsi_high_thr": 74.809072,
    "rsi_low_thr": 14.017043,
    "vol_idx_limit": 0.625014,
    "bb_bw_limit": 1.113009,
    "btc_drop_pct": 0.040131
}