{
    "foundation_mult_q": 10.234558,
    "foundation_mult_c": 2.1190310955162004,
    "sniper_boost": 0.446317,
    "mtf_bonus_q": 147.977547,
    "mtf_penalty_q": 186.470628,
    "wick_penalty": 45.471833,
    "wick_ratio_major": 15.0,
    "wick_ratio_meme": 4.638866,
    "bb_breakout_bonus": 250.0,
    "sma_align_bonus": 9.10031,
    "rsi_oversold_bonus": 237.285173,
    "sma_gap_bonus": 67.082244,
    "cvd_bonus": 82.390454,
    "osc_conv_bonus_alt": 34.0810102392006,
    "osc_conv_bonus_maj": 32.325267,
    "sma_above_bonus": 77.079031,
    "squeeze_bonus_alt": 5.813053,
    "squeeze_bonus_maj": 130.505922,
    "st_psar_bonus": 0.0,
    "mid_sma_penalty": 7.208231,
    "rsi_slope_penalty": 100.0,
    "divergence_penalty": 16.849873,
    "fgi_bonus_dampen": 1.681383,
    "vas_mult_major": 8.0,
    "vas_mult_mid": 1.155986,
    "alt_accel_mult": 2.364621,
    "rsi_overbought_mult": 4.42741,
    "macd_negative_mult": 0.689298,
    "major_weak_mult": 1.017613,
    "meme_bad_mult": 3.598688,
    "w_zscore": 1.420045,
    "w_macd": 0.381063,
    "w_rsi": 7.233245227274496,
    "w_volume": 4.916185,
    "w_st": 15.0,
    "w_bb": 13.62135,
    "w_vwap": 0.0,
    "w_ssl": 8.589267,
    "w_sma": 0.415952,
    "w_ichimoku": 10.822569,
    "w_obv": 8.113805,
    "pass_score_threshold": 90.0,
    "rsi_high_thr": 62.014296,
    "rsi_low_thr": 22.351125,
    "sniper_confluence_bonus": 0.0,
    "tp_atr_mult": 11.466077,
    "sl_atr_mult": 6.379665,
    "step_up_l1_atr": 5.38468,
    "step_up_l2_atr": 3.772713265882312,
    "vol_adj_mult_high": 3.699382,
    "vol_adj_mult_low": 0.876896,
    "vol_multiple_small": 11.532266,
    "vol_multiple_major": 6.061109,
    "cvd_penalty_q": 63.59427196690312,
    "cvd_penalty_c": 81.349592,
    "cvd_slope_penalty_c": 44.23565,
    "vol_ratio_penalty_c": 33.47486
}